PG,SG,SF,PF,C,G,F,UTIL,,Instructions
,,,,,,,,,1. Locate the player you want to select in the list below 
,,,,,,,,,2. Copy the ID of your player (you can use the Name + ID column or the ID column) 
,,,,,,,,,3. Paste the ID into the roster position desired 
,,,,,,,,,4. You must include an ID for each player; you cannot use just the player's name 
,,,,,,,,,5. You can create up to 500 lineups per file 
 
,,,,,,,,,Position,Name + ID, Name, ID, Salary,GameInfo,TeamAbbrev 
,,,,,,,,,PG,Russell Westbrook (7892793),Russell Westbrook,7892793,12600,OKC@Atl 07:30PM ET,OKC,
,,,,,,,,,PG/SG,James Harden (7892788),James Harden,7892788,11800,Bos@Hou 08:00PM ET,Hou,
,,,,,,,,,PF/C,Anthony Davis (7893058),Anthony Davis,7893058,11000,Mem@NO 08:00PM ET,NO,
,,,,,,,,,SF/PF,Kevin Durant (7892949),Kevin Durant,7892949,10200,Ind@GS 10:30PM ET,GS,
,,,,,,,,,SF/PF,LeBron James (7892955),LeBron James,7892955,9700,Cle@Tor 07:30PM ET,Cle,
,,,,,,,,,PG,Giannis Antetokounmpo (7892803),Giannis Antetokounmpo,7892803,9500,SA@Mil 08:00PM ET,Mil,
,,,,,,,,,PG,Stephen Curry (7892813),Stephen Curry,7892813,9000,Ind@GS 10:30PM ET,GS,
,,,,,,,,,PG,John Wall (7892816),John Wall,7892816,8900,Was@Bkn 07:30PM ET,Was,
,,,,,,,,,SG/SF,Jimmy Butler (7892875),Jimmy Butler,7892875,8500,Por@Chi 08:00PM ET,Chi,
,,,,,,,,,PG,Damian Lillard (7892806),Damian Lillard,7892806,8400,Por@Chi 08:00PM ET,Por,
,,,,,,,,,PG,Kyle Lowry (7892841),Kyle Lowry,7892841,8200,Cle@Tor 07:30PM ET,Tor,
,,,,,,,,,PG,Isaiah Thomas (7892823),Isaiah Thomas,7892823,8100,Bos@Hou 08:00PM ET,Bos,
,,,,,,,,,SF,Kawhi Leonard (7892990),Kawhi Leonard,7892990,8000,SA@Mil 08:00PM ET,SA,
,,,,,,,,,PF/C,Draymond Green (7893045),Draymond Green,7893045,8000,Ind@GS 10:30PM ET,GS,
,,,,,,,,,PF/C,Kevin Love (7893056),Kevin Love,7893056,7900,Cle@Tor 07:30PM ET,Cle,
,,,,,,,,,SF,Gordon Hayward (7893022),Gordon Hayward,7893022,7900,Uta@LAL 10:30PM ET,Uta,
,,,,,,,,,SG,DeMar DeRozan (7892932),DeMar DeRozan,7892932,7800,Cle@Tor 07:30PM ET,Tor,
,,,,,,,,,SF,Paul George (7892997),Paul George,7892997,7700,Ind@GS 10:30PM ET,Ind,
,,,,,,,,,C,Marc Gasol (7893153),Marc Gasol,7893153,7600,Mem@NO 08:00PM ET,Mem,
,,,,,,,,,PG,Kemba Walker (7892832),Kemba Walker,7892832,7500,Cha@Dal 08:30PM ET,Cha,
,,,,,,,,,PG,Kyrie Irving (7892842),Kyrie Irving,7892842,7300,Cle@Tor 07:30PM ET,Cle,
,,,,,,,,,PF,Paul Millsap (7893061),Paul Millsap,7893061,7200,OKC@Atl 07:30PM ET,Atl,
,,,,,,,,,C,Dwight Howard (7893108),Dwight Howard,7893108,7100,OKC@Atl 07:30PM ET,Atl,
,,,,,,,,,PF/C,Myles Turner (7893046),Myles Turner,7893046,7000,Ind@GS 10:30PM ET,Ind,
,,,,,,,,,SG,Bradley Beal (7892911),Bradley Beal,7892911,7000,Was@Bkn 07:30PM ET,Was,
,,,,,,,,,PG/SG,C.J. McCollum (7892785),C.J. McCollum,7892785,6900,Por@Chi 08:00PM ET,Por,
,,,,,,,,,PG,Jeff Teague (7892814),Jeff Teague,7892814,6900,Ind@GS 10:30PM ET,Ind,
,,,,,,,,,C,Joel Embiid (7893145),Joel Embiid,7893145,6900,Den@Phi 07:00PM ET,Phi,
,,,,,,,,,PG,Mike Conley (7892847),Mike Conley,7892847,6900,Mem@NO 08:00PM ET,Mem,
,,,,,,,,,PG/SG,George Hill (7892791),George Hill,7892791,6800,Uta@LAL 10:30PM ET,Uta,
,,,,,,,,,SG,Victor Oladipo (7892895),Victor Oladipo,7892895,6700,OKC@Atl 07:30PM ET,OKC,
,,,,,,,,,C,Al Horford (7893135),Al Horford,7893135,6700,Bos@Hou 08:00PM ET,Bos,
,,,,,,,,,SG,Klay Thompson (7892906),Klay Thompson,7892906,6600,Ind@GS 10:30PM ET,GS,
,,,,,,,,,SF/PF,Otto Porter (7892951),Otto Porter,7892951,6600,Was@Bkn 07:30PM ET,Was,
,,,,,,,,,SG/SF,Nicolas Batum (7892882),Nicolas Batum,7892882,6600,Cha@Dal 08:30PM ET,Cha,
,,,,,,,,,SF,Wilson Chandler (7893009),Wilson Chandler,7893009,6600,Den@Phi 07:00PM ET,Den,
,,,,,,,,,PG,Rajon Rondo (7892805),Rajon Rondo,7892805,6500,Por@Chi 08:00PM ET,Chi,
,,,,,,,,,SG,Dwyane Wade (7892902),Dwyane Wade,7892902,6500,Por@Chi 08:00PM ET,Chi,
,,,,,,,,,C,Rudy Gobert (7893160),Rudy Gobert,7893160,6500,Uta@LAL 10:30PM ET,Uta,
,,,,,,,,,C,Brook Lopez (7893131),Brook Lopez,7893131,6400,Was@Bkn 07:30PM ET,Bkn,
,,,,,,,,,SF/PF,Jabari Parker (7892947),Jabari Parker,7892947,6300,SA@Mil 08:00PM ET,Mil,
,,,,,,,,,PF/C,LaMarcus Aldridge (7893043),LaMarcus Aldridge,7893043,6300,SA@Mil 08:00PM ET,SA,
,,,,,,,,,SG,Avery Bradley (7892917),Avery Bradley,7892917,6300,Bos@Hou 08:00PM ET,Bos,
,,,,,,,,,PG,Jrue Holiday (7892848),Jrue Holiday,7892848,6300,Mem@NO 08:00PM ET,NO,
,,,,,,,,,PG,D'Angelo Russell (7892858),D'Angelo Russell,7892858,6300,Uta@LAL 10:30PM ET,LAL,
,,,,,,,,,SF/PF,Harrison Barnes (7892953),Harrison Barnes,7892953,6200,Cha@Dal 08:30PM ET,Dal,
,,,,,,,,,PG,Dennis Schroder (7892796),Dennis Schroder,7892796,6100,OKC@Atl 07:30PM ET,Atl,
,,,,,,,,,C,Mason Plumlee (7893121),Mason Plumlee,7893121,6000,Por@Chi 08:00PM ET,Por,
,,,,,,,,,SG/SF,Tyreke Evans (7892890),Tyreke Evans,7892890,6000,Mem@NO 08:00PM ET,NO,
,,,,,,,,,PF,Julius Randle (7893106),Julius Randle,7893106,6000,Uta@LAL 10:30PM ET,LAL,
,,,,,,,,,PG,Jeremy Lin (7892815),Jeremy Lin,7892815,5900,Was@Bkn 07:30PM ET,Bkn,
,,,,,,,,,SG,Sean Kilpatrick (7892910),Sean Kilpatrick,7892910,5900,Was@Bkn 07:30PM ET,Bkn,
,,,,,,,,,C,Marcin Gortat (7893130),Marcin Gortat,7893130,5900,Was@Bkn 07:30PM ET,Was,
,,,,,,,,,PF,Trevor Booker (7893079),Trevor Booker,7893079,5800,Was@Bkn 07:30PM ET,Bkn,
,,,,,,,,,SF,Jae Crowder (7893003),Jae Crowder,7893003,5800,Bos@Hou 08:00PM ET,Bos,
,,,,,,,,,SG,Lou Williams (7892941),Lou Williams,7892941,5800,Uta@LAL 10:30PM ET,LAL,
,,,,,,,,,PF,Derrick Favors (7893103),Derrick Favors,7893103,5800,Uta@LAL 10:30PM ET,Uta,
,,,,,,,,,C,Clint Capela (7893137),Clint Capela,7893137,5700,Bos@Hou 08:00PM ET,Hou,
,,,,,,,,,PF/C,Taj Gibson (7893044),Taj Gibson,7893044,5600,Por@Chi 08:00PM ET,Chi,
,,,,,,,,,SF/PF,Trevor Ariza (7892952),Trevor Ariza,7892952,5600,Bos@Hou 08:00PM ET,Hou,
,,,,,,,,,PG/SG,Jordan Clarkson (7892792),Jordan Clarkson,7892792,5600,Uta@LAL 10:30PM ET,LAL,
,,,,,,,,,PF,Thaddeus Young (7893073),Thaddeus Young,7893073,5500,Ind@GS 10:30PM ET,Ind,
,,,,,,,,,SF,Danilo Gallinari (7893011),Danilo Gallinari,7893011,5500,Den@Phi 07:00PM ET,Den,
,,,,,,,,,PF,JaMychal Green (7893099),JaMychal Green,7893099,5500,Mem@NO 08:00PM ET,Mem,
,,,,,,,,,SF,Maurice Harkless (7892993),Maurice Harkless,7892993,5400,Por@Chi 08:00PM ET,Por,
,,,,,,,,,PG,Emmanuel Mudiay (7892838),Emmanuel Mudiay,7892838,5400,Den@Phi 07:00PM ET,Den,
,,,,,,,,,SG,Rodney Hood (7892943),Rodney Hood,7892943,5400,Uta@LAL 10:30PM ET,Uta,
,,,,,,,,,C,Pau Gasol (7893113),Pau Gasol,7893113,5300,SA@Mil 08:00PM ET,SA,
,,,,,,,,,SG,Eric Gordon (7892916),Eric Gordon,7892916,5300,Bos@Hou 08:00PM ET,Hou,
,,,,,,,,,PF/C,Jahlil Okafor (7893054),Jahlil Okafor,7893054,5300,Den@Phi 07:00PM ET,Phi,
,,,,,,,,,PG,Tim Frazier (7892849),Tim Frazier,7892849,5300,Mem@NO 08:00PM ET,NO,
,,,,,,,,,C,Robin Lopez (7893118),Robin Lopez,7893118,5200,Por@Chi 08:00PM ET,Chi,
,,,,,,,,,SG,Wesley Matthews (7892920),Wesley Matthews,7892920,5200,Cha@Dal 08:30PM ET,Dal,
,,,,,,,,,C,Jonas Valanciunas (7893150),Jonas Valanciunas,7893150,5200,Cle@Tor 07:30PM ET,Tor,
,,,,,,,,,SG/SF,Kent Bazemore (7892870),Kent Bazemore,7892870,5100,OKC@Atl 07:30PM ET,Atl,
,,,,,,,,,PG,Deron Williams (7892828),Deron Williams,7892828,5100,Cha@Dal 08:30PM ET,Dal,
,,,,,,,,,SG/SF,Will Barton (7892886),Will Barton,7892886,5100,Den@Phi 07:00PM ET,Den,
,,,,,,,,,PF,Kenneth Faried (7893093),Kenneth Faried,7893093,5100,Den@Phi 07:00PM ET,Den,
,,,,,,,,,PG,Andrew Harrison (7892851),Andrew Harrison,7892851,5100,Mem@NO 08:00PM ET,Mem,
,,,,,,,,,SF,Glenn Robinson III (7892998),Glenn Robinson III,7892998,5000,Ind@GS 10:30PM ET,Ind,
,,,,,,,,,SF/PF,Markieff Morris (7892950),Markieff Morris,7892950,5000,Was@Bkn 07:30PM ET,Was,
,,,,,,,,,PG,J.J. Barea (7892829),J.J. Barea,7892829,5000,Cha@Dal 08:30PM ET,Dal,
,,,,,,,,,PF,Dirk Nowitzki (7893087),Dirk Nowitzki,7893087,5000,Cha@Dal 08:30PM ET,Dal,
,,,,,,,,,PG,Sergio Rodriguez (7892835),Sergio Rodriguez,7892835,5000,Den@Phi 07:00PM ET,Phi,
,,,,,,,,,C,Nerlens Noel (7893144),Nerlens Noel,7893144,5000,Den@Phi 07:00PM ET,Phi,
,,,,,,,,,PF/C,Zach Randolph (7893057),Zach Randolph,7893057,5000,Mem@NO 08:00PM ET,Mem,
,,,,,,,,,C,Steven Adams (7893112),Steven Adams,7893112,4900,OKC@Atl 07:30PM ET,OKC,
,,,,,,,,,SG,Monta Ellis (7892905),Monta Ellis,7892905,4900,Ind@GS 10:30PM ET,Ind,
,,,,,,,,,PF,Frank Kaminsky (7893089),Frank Kaminsky,7893089,4900,Cha@Dal 08:30PM ET,Cha,
,,,,,,,,,PF/C,Nikola Jokic (7893053),Nikola Jokic,7893053,4900,Den@Phi 07:00PM ET,Den,
,,,,,,,,,SG/SF,Marcus Smart (7892881),Marcus Smart,7892881,4800,Bos@Hou 08:00PM ET,Bos,
,,,,,,,,,PF,Ryan Anderson (7893083),Ryan Anderson,7893083,4800,Bos@Hou 08:00PM ET,Hou,
,,,,,,,,,SF,Robert Covington (7893012),Robert Covington,7893012,4800,Den@Phi 07:00PM ET,Phi,
,,,,,,,,,C,Tristan Thompson (7893149),Tristan Thompson,7893149,4800,Cle@Tor 07:30PM ET,Cle,
,,,,,,,,,C,John Henson (7893116),John Henson,7893116,4700,SA@Mil 08:00PM ET,Mil,
,,,,,,,,,SG/SF,C.J. Miles (7892877),C.J. Miles,7892877,4700,Ind@GS 10:30PM ET,Ind,
,,,,,,,,,PG,Jameer Nelson (7892834),Jameer Nelson,7892834,4700,Den@Phi 07:00PM ET,Den,
,,,,,,,,,PF,Ersan Ilyasova (7893091),Ersan Ilyasova,7893091,4700,Den@Phi 07:00PM ET,Phi,
,,,,,,,,,PG,Patrick Beverley (7892822),Patrick Beverley,7892822,4600,Bos@Hou 08:00PM ET,Hou,
,,,,,,,,,PF,Terrence Jones (7893100),Terrence Jones,7893100,4600,Mem@NO 08:00PM ET,NO,
,,,,,,,,,SF/PF,Larry Nance Jr. (7892959),Larry Nance Jr.,7892959,4600,Uta@LAL 10:30PM ET,LAL,
,,,,,,,,,C,Enes Kanter (7893111),Enes Kanter,7893111,4500,OKC@Atl 07:30PM ET,OKC,
,,,,,,,,,SG,Seth Curry (7892923),Seth Curry,7892923,4500,Cha@Dal 08:30PM ET,Dal,
,,,,,,,,,SF,Michael Kidd-Gilchrist (7893006),Michael Kidd-Gilchrist,7893006,4500,Cha@Dal 08:30PM ET,Cha,
,,,,,,,,,SF/PF,Dario Saric (7892954),Dario Saric,7892954,4500,Den@Phi 07:00PM ET,Phi,
,,,,,,,,,SF/PF,DeMarre Carroll (7892956),DeMarre Carroll,7892956,4500,Cle@Tor 07:30PM ET,Tor,
,,,,,,,,,SF,Brandon Ingram (7893024),Brandon Ingram,7893024,4500,Uta@LAL 10:30PM ET,LAL,
,,,,,,,,,SG/SF,Andre Roberson (7892871),Andre Roberson,7892871,4400,OKC@Atl 07:30PM ET,OKC,
,,,,,,,,,PG,Patty Mills (7892800),Patty Mills,7892800,4400,SA@Mil 08:00PM ET,SA,
,,,,,,,,,SG/SF,Evan Turner (7892874),Evan Turner,7892874,4400,Por@Chi 08:00PM ET,Por,
,,,,,,,,,PF,Al-Farouq Aminu (7893067),Al-Farouq Aminu,7893067,4400,Por@Chi 08:00PM ET,Por,
,,,,,,,,,C,Cody Zeller (7893142),Cody Zeller,7893142,4400,Cha@Dal 08:30PM ET,Cha,
,,,,,,,,,SF,Troy Williams (7893020),Troy Williams,7893020,4400,Mem@NO 08:00PM ET,Mem,
,,,,,,,,,SF/PF,Nikola Mirotic (7892948),Nikola Mirotic,7892948,4300,Por@Chi 08:00PM ET,Chi,
,,,,,,,,,SG/SF,Bojan Bogdanovic (7892879),Bojan Bogdanovic,7892879,4300,Was@Bkn 07:30PM ET,Bkn,
,,,,,,,,,C,Andrew Bogut (7893139),Andrew Bogut,7893139,4300,Cha@Dal 08:30PM ET,Dal,
,,,,,,,,,SG,Nick Young (7892940),Nick Young,7892940,4300,Uta@LAL 10:30PM ET,LAL,
,,,,,,,,,C,Mike Muscala (7893110),Mike Muscala,7893110,4200,OKC@Atl 07:30PM ET,Atl,
,,,,,,,,,PF,Patrick Patterson (7893096),Patrick Patterson,7893096,4200,Cle@Tor 07:30PM ET,Tor,
,,,,,,,,,SG,Troy Daniels (7892938),Troy Daniels,7892938,4200,Mem@NO 08:00PM ET,Mem,
,,,,,,,,,PF/C,Trey Lyles (7893060),Trey Lyles,7893060,4200,Uta@LAL 10:30PM ET,Uta,
,,,,,,,,,PG/SG,Matthew Dellavedova (7892783),Matthew Dellavedova,7892783,4100,SA@Mil 08:00PM ET,Mil,
,,,,,,,,,C,Jusuf Nurkic (7893146),Jusuf Nurkic,7893146,4100,Den@Phi 07:00PM ET,Den,
,,,,,,,,,SG,Tony Allen (7892936),Tony Allen,7892936,4100,Mem@NO 08:00PM ET,Mem,
,,,,,,,,,PG,Tony Parker (7892799),Tony Parker,7892799,4000,SA@Mil 08:00PM ET,SA,
,,,,,,,,,C,Greg Monroe (7893115),Greg Monroe,7893115,4000,SA@Mil 08:00PM ET,Mil,
,,,,,,,,,SF,Rondae Hollis-Jefferson (7893001),Rondae Hollis-Jefferson,7893001,4000,Was@Bkn 07:30PM ET,Bkn,
,,,,,,,,,PF,Marvin Williams (7893088),Marvin Williams,7893088,4000,Cha@Dal 08:30PM ET,Cha,
,,,,,,,,,PG,Jerryd Bayless (7892836),Jerryd Bayless,7892836,4000,Den@Phi 07:00PM ET,Phi,
,,,,,,,,,SG,Gary Harris (7892928),Gary Harris,7892928,4000,Den@Phi 07:00PM ET,Den,
,,,,,,,,,SG/SF,Joe Johnson (7892892),Joe Johnson,7892892,4000,Uta@LAL 10:30PM ET,Uta,
,,,,,,,,,SF/PF,Luol Deng (7892958),Luol Deng,7892958,4000,Uta@LAL 10:30PM ET,LAL,
,,,,,,,,,SF,Thabo Sefolosha (7892983),Thabo Sefolosha,7892983,3900,OKC@Atl 07:30PM ET,Atl,
,,,,,,,,,SG,Danny Green (7892898),Danny Green,7892898,3900,SA@Mil 08:00PM ET,SA,
,,,,,,,,,PG/SG,Rodney Stuckey (7892786),Rodney Stuckey,7892786,3900,Ind@GS 10:30PM ET,Ind,
,,,,,,,,,PF/C,Dwight Powell (7893052),Dwight Powell,7893052,3900,Cha@Dal 08:30PM ET,Dal,
,,,,,,,,,SG,Nik Stauskas (7892927),Nik Stauskas,7892927,3900,Den@Phi 07:00PM ET,Phi,
,,,,,,,,,PF,Richaun Holmes (7893094),Richaun Holmes,7893094,3900,Den@Phi 07:00PM ET,Phi,
,,,,,,,,,C,Lucas Nogueira (7893151),Lucas Nogueira,7893151,3900,Cle@Tor 07:30PM ET,Tor,
,,,,,,,,,SG,E'Twaun Moore (7892937),E'Twaun Moore,7892937,3900,Mem@NO 08:00PM ET,NO,
,,,,,,,,,SG,Manu Ginobili (7892897),Manu Ginobili,7892897,3800,SA@Mil 08:00PM ET,SA,
,,,,,,,,,C,Justin Hamilton (7893132),Justin Hamilton,7893132,3800,Was@Bkn 07:30PM ET,Bkn,
,,,,,,,,,SG/SF,Jeremy Lamb (7892883),Jeremy Lamb,7892883,3800,Cha@Dal 08:30PM ET,Cha,
,,,,,,,,,PG/SG,Jamal Murray (7892789),Jamal Murray,7892789,3800,Den@Phi 07:00PM ET,Den,
,,,,,,,,,SG,J.R. Smith (7892931),J.R. Smith,7892931,3800,Cle@Tor 07:30PM ET,Cle,
,,,,,,,,,SF,Chandler Parsons (7893017),Chandler Parsons,7893017,3800,Mem@NO 08:00PM ET,Mem,
,,,,,,,,,PG,Shelvin Mack (7892854),Shelvin Mack,7892854,3800,Uta@LAL 10:30PM ET,Uta,
,,,,,,,,,PF,David Lee (7893064),David Lee,7893064,3700,SA@Mil 08:00PM ET,SA,
,,,,,,,,,SF,Sam Dekker (7893004),Sam Dekker,7893004,3700,Bos@Hou 08:00PM ET,Hou,
,,,,,,,,,PF/C,Kelly Olynyk (7893049),Kelly Olynyk,7893049,3700,Bos@Hou 08:00PM ET,Bos,
,,,,,,,,,SG,Vince Carter (7892935),Vince Carter,7892935,3700,Mem@NO 08:00PM ET,Mem,
,,,,,,,,,C,Dewayne Dedmon (7893117),Dewayne Dedmon,7893117,3600,SA@Mil 08:00PM ET,SA,
,,,,,,,,,PG,Jerian Grant (7892807),Jerian Grant,7892807,3600,Por@Chi 08:00PM ET,Chi,
,,,,,,,,,SG/SF,Allen Crabbe (7892876),Allen Crabbe,7892876,3600,Por@Chi 08:00PM ET,Por,
,,,,,,,,,C,Ed Davis (7893120),Ed Davis,7893120,3600,Por@Chi 08:00PM ET,Por,
,,,,,,,,,SF,Andre Iguodala (7892996),Andre Iguodala,7892996,3600,Ind@GS 10:30PM ET,GS,
,,,,,,,,,C,Al Jefferson (7893124),Al Jefferson,7893124,3600,Ind@GS 10:30PM ET,Ind,
,,,,,,,,,PG,Isaiah Whitehead (7892820),Isaiah Whitehead,7892820,3600,Was@Bkn 07:30PM ET,Bkn,
,,,,,,,,,C,Salah Mejri (7893141),Salah Mejri,7893141,3600,Cha@Dal 08:30PM ET,Dal,
,,,,,,,,,PG,Cory Joseph (7892843),Cory Joseph,7892843,3600,Cle@Tor 07:30PM ET,Tor,
,,,,,,,,,SG/SF,Terrence Ross (7892888),Terrence Ross,7892888,3600,Cle@Tor 07:30PM ET,Tor,
,,,,,,,,,PF,Channing Frye (7893095),Channing Frye,7893095,3600,Cle@Tor 07:30PM ET,Cle,
,,,,,,,,,SG/SF,James Ennis (7892891),James Ennis,7892891,3600,Mem@NO 08:00PM ET,Mem,
,,,,,,,,,PG/SG,Tim Hardaway Jr. (7892782),Tim Hardaway Jr.,7892782,3500,OKC@Atl 07:30PM ET,Atl,
,,,,,,,,,SG/SF,Tony Snell (7892872),Tony Snell,7892872,3500,SA@Mil 08:00PM ET,Mil,
,,,,,,,,,PG,Tomas Satoransky (7892818),Tomas Satoransky,7892818,3500,Was@Bkn 07:30PM ET,Was,
,,,,,,,,,SF,Joe Harris (7892999),Joe Harris,7892999,3500,Was@Bkn 07:30PM ET,Bkn,
,,,,,,,,,SG/SF,Justin Anderson (7892884),Justin Anderson,7892884,3500,Cha@Dal 08:30PM ET,Dal,
,,,,,,,,,SG,Gerald Henderson (7892926),Gerald Henderson,7892926,3500,Den@Phi 07:00PM ET,Phi,
,,,,,,,,,PG,Wade Baldwin IV (7892852),Wade Baldwin IV,7892852,3500,Mem@NO 08:00PM ET,Mem,
,,,,,,,,,SG,Kyle Korver (7892893),Kyle Korver,7892893,3400,OKC@Atl 07:30PM ET,Atl,
,,,,,,,,,SF/PF,Michael Beasley (7892945),Michael Beasley,7892945,3400,SA@Mil 08:00PM ET,Mil,
,,,,,,,,,SF,Anthony Bennett (7893000),Anthony Bennett,7893000,3400,Was@Bkn 07:30PM ET,Bkn,
,,,,,,,,,PG,Ramon Sessions (7892831),Ramon Sessions,7892831,3400,Cha@Dal 08:30PM ET,Cha,
,,,,,,,,,SG,Marco Belinelli (7892922),Marco Belinelli,7892922,3400,Cha@Dal 08:30PM ET,Cha,
,,,,,,,,,SF,Solomon Hill (7893018),Solomon Hill,7893018,3400,Mem@NO 08:00PM ET,NO,
,,,,,,,,,SF,Doug McDermott (7892991),Doug McDermott,7892991,3300,Por@Chi 08:00PM ET,Chi,
,,,,,,,,,C,Zaza Pachulia (7893123),Zaza Pachulia,7893123,3300,Ind@GS 10:30PM ET,GS,
,,,,,,,,,PF/C,Montrezl Harrell (7893050),Montrezl Harrell,7893050,3300,Bos@Hou 08:00PM ET,Hou,
,,,,,,,,,PF,Amir Johnson (7893082),Amir Johnson,7893082,3300,Bos@Hou 08:00PM ET,Bos,
,,,,,,,,,PF/C,Spencer Hawes (7893051),Spencer Hawes,7893051,3300,Cha@Dal 08:30PM ET,Cha,
,,,,,,,,,PF,Jarell Martin (7893101),Jarell Martin,7893101,3300,Mem@NO 08:00PM ET,Mem,
,,,,,,,,,PG,Jose Calderon (7892853),Jose Calderon,7892853,3300,Uta@LAL 10:30PM ET,LAL,
,,,,,,,,,PF,Domantas Sabonis (7893063),Domantas Sabonis,7893063,3200,OKC@Atl 07:30PM ET,OKC,
,,,,,,,,,PG/SG,Malcolm Brogdon (7892784),Malcolm Brogdon,7892784,3200,SA@Mil 08:00PM ET,Mil,
,,,,,,,,,PF,Meyers Leonard (7893068),Meyers Leonard,7893068,3200,Por@Chi 08:00PM ET,Por,
,,,,,,,,,PG,Shaun Livingston (7892812),Shaun Livingston,7892812,3200,Ind@GS 10:30PM ET,GS,
,,,,,,,,,SG,Jonathan Gibson (7892921),Jonathan Gibson,7892921,3200,Cha@Dal 08:30PM ET,Dal,
,,,,,,,,,SG/SF,Norman Powell (7892889),Norman Powell,7892889,3200,Cle@Tor 07:30PM ET,Tor,
,,,,,,,,,SF,Joe Ingles (7893023),Joe Ingles,7893023,3200,Uta@LAL 10:30PM ET,Uta,
,,,,,,,,,C,Timofey Mozgov (7893159),Timofey Mozgov,7893159,3200,Uta@LAL 10:30PM ET,LAL,
,,,,,,,,,SF/PF,Jerami Grant (7892944),Jerami Grant,7892944,3100,OKC@Atl 07:30PM ET,OKC,
,,,,,,,,,SG/SF,Jonathon Simmons (7892873),Jonathon Simmons,7892873,3100,SA@Mil 08:00PM ET,SA,
,,,,,,,,,SG,Isaiah Canaan (7892903),Isaiah Canaan,7892903,3100,Por@Chi 08:00PM ET,Chi,
,,,,,,,,,PG/SG,Iman Shumpert (7892790),Iman Shumpert,7892790,3100,Cle@Tor 07:30PM ET,Cle,
,,,,,,,,,PG,Dante Exum (7892857),Dante Exum,7892857,3100,Uta@LAL 10:30PM ET,Uta,
,,,,,,,,,PG,Malcolm Delaney (7892794),Malcolm Delaney,7892794,3000,OKC@Atl 07:30PM ET,Atl,
,,,,,,,,,PG,Semaj Christon (7892795),Semaj Christon,7892795,3000,OKC@Atl 07:30PM ET,OKC,
,,,,,,,,,PG,Cameron Payne (7892797),Cameron Payne,7892797,3000,OKC@Atl 07:30PM ET,OKC,
,,,,,,,,,SG,Anthony Morrow (7892894),Anthony Morrow,7892894,3000,OKC@Atl 07:30PM ET,OKC,
,,,,,,,,,SG,Alex Abrines (7892896),Alex Abrines,7892896,3000,OKC@Atl 07:30PM ET,OKC,
,,,,,,,,,SF,Kyle Singler (7892984),Kyle Singler,7892984,3000,OKC@Atl 07:30PM ET,OKC,
,,,,,,,,,SF,Ryan Kelly (7892985),Ryan Kelly,7892985,3000,OKC@Atl 07:30PM ET,Atl,
,,,,,,,,,SF,Josh Huestis (7892986),Josh Huestis,7892986,3000,OKC@Atl 07:30PM ET,OKC,
,,,,,,,,,SF,Taurean Prince (7892987),Taurean Prince,7892987,3000,OKC@Atl 07:30PM ET,Atl,
,,,,,,,,,SF,DeAndre' Bembry (7892988),DeAndre' Bembry,7892988,3000,OKC@Atl 07:30PM ET,Atl,
,,,,,,,,,PF/C,Kris Humphries (7893041),Kris Humphries,7893041,3000,OKC@Atl 07:30PM ET,Atl,
,,,,,,,,,PF/C,Joffrey Lauvergne (7893042),Joffrey Lauvergne,7893042,3000,OKC@Atl 07:30PM ET,OKC,
,,,,,,,,,PF,Mike Scott (7893062),Mike Scott,7893062,3000,OKC@Atl 07:30PM ET,Atl,
,,,,,,,,,C,Nick Collison (7893107),Nick Collison,7893107,3000,OKC@Atl 07:30PM ET,OKC,
,,,,,,,,,C,Tiago Splitter (7893109),Tiago Splitter,7893109,3000,OKC@Atl 07:30PM ET,Atl,
,,,,,,,,,PG,Jason Terry (7892798),Jason Terry,7892798,3000,SA@Mil 08:00PM ET,Mil,
,,,,,,,,,PG,Nicolas Laprovittola (7892801),Nicolas Laprovittola,7892801,3000,SA@Mil 08:00PM ET,SA,
,,,,,,,,,PG,Bryn Forbes (7892802),Bryn Forbes,7892802,3000,SA@Mil 08:00PM ET,SA,
,,,,,,,,,PG,Dejounte Murray (7892804),Dejounte Murray,7892804,3000,SA@Mil 08:00PM ET,SA,
,,,,,,,,,SG,Khris Middleton (7892899),Khris Middleton,7892899,3000,SA@Mil 08:00PM ET,Mil,
,,,,,,,,,SG,Kyle Anderson (7892900),Kyle Anderson,7892900,3000,SA@Mil 08:00PM ET,SA,
,,,,,,,,,SG,Rashad Vaughn (7892901),Rashad Vaughn,7892901,3000,SA@Mil 08:00PM ET,Mil,
,,,,,,,,,SF/PF,Davis Bertans (7892946),Davis Bertans,7892946,3000,SA@Mil 08:00PM ET,SA,
,,,,,,,,,SF,Steve Novak (7892989),Steve Novak,7892989,3000,SA@Mil 08:00PM ET,Mil,
,,,,,,,,,PF,Mirza Teletovic (7893065),Mirza Teletovic,7893065,3000,SA@Mil 08:00PM ET,Mil,
,,,,,,,,,PF,Thon Maker (7893066),Thon Maker,7893066,3000,SA@Mil 08:00PM ET,Mil,
,,,,,,,,,C,Miles Plumlee (7893114),Miles Plumlee,7893114,3000,SA@Mil 08:00PM ET,Mil,
,,,,,,,,,PG,Shabazz Napier (7892808),Shabazz Napier,7892808,3000,Por@Chi 08:00PM ET,Por,
,,,,,,,,,PG,Michael Carter-Williams (7892809),Michael Carter-Williams,7892809,3000,Por@Chi 08:00PM ET,Chi,
,,,,,,,,,PG,Tim Quarterman (7892810),Tim Quarterman,7892810,3000,Por@Chi 08:00PM ET,Por,
,,,,,,,,,SG,R.J. Hunter (7892904),R.J. Hunter,7892904,3000,Por@Chi 08:00PM ET,Chi,
,,,,,,,,,SF,Pat Connaughton (7892992),Pat Connaughton,7892992,3000,Por@Chi 08:00PM ET,Por,
,,,,,,,,,SF,Denzel Valentine (7892994),Denzel Valentine,7892994,3000,Por@Chi 08:00PM ET,Chi,
,,,,,,,,,SF,Paul Zipser (7892995),Paul Zipser,7892995,3000,Por@Chi 08:00PM ET,Chi,
,,,,,,,,,PF,Jake Layman (7893069),Jake Layman,7893069,3000,Por@Chi 08:00PM ET,Por,
,,,,,,,,,PF,Bobby Portis (7893070),Bobby Portis,7893070,3000,Por@Chi 08:00PM ET,Chi,
,,,,,,,,,PF,Noah Vonleh (7893071),Noah Vonleh,7893071,3000,Por@Chi 08:00PM ET,Por,
,,,,,,,,,C,Festus Ezeli (7893119),Festus Ezeli,7893119,3000,Por@Chi 08:00PM ET,Por,
,,,,,,,,,C,Cristiano Felicio (7893122),Cristiano Felicio,7893122,3000,Por@Chi 08:00PM ET,Chi,
,,,,,,,,,PG/SG,Ian Clark (7892787),Ian Clark,7892787,3000,Ind@GS 10:30PM ET,GS,
,,,,,,,,,PG,Aaron Brooks (7892811),Aaron Brooks,7892811,3000,Ind@GS 10:30PM ET,Ind,
,,,,,,,,,SG/SF,Patrick McCaw (7892878),Patrick McCaw,7892878,3000,Ind@GS 10:30PM ET,GS,
,,,,,,,,,SG,Joe Young (7892907),Joe Young,7892907,3000,Ind@GS 10:30PM ET,Ind,
,,,,,,,,,PF,David West (7893072),David West,7893072,3000,Ind@GS 10:30PM ET,GS,
,,,,,,,,,PF,Lavoy Allen (7893074),Lavoy Allen,7893074,3000,Ind@GS 10:30PM ET,Ind,
,,,,,,,,,PF,James Michael McAdoo (7893075),James Michael McAdoo,7893075,3000,Ind@GS 10:30PM ET,GS,
,,,,,,,,,PF,Rakeem Christmas (7893076),Rakeem Christmas,7893076,3000,Ind@GS 10:30PM ET,Ind,
,,,,,,,,,PF,Georges Niang (7893077),Georges Niang,7893077,3000,Ind@GS 10:30PM ET,Ind,
,,,,,,,,,PF,Kevon Looney (7893078),Kevon Looney,7893078,3000,Ind@GS 10:30PM ET,GS,
,,,,,,,,,C,Anderson Varejao (7893125),Anderson Varejao,7893125,3000,Ind@GS 10:30PM ET,GS,
,,,,,,,,,C,JaVale McGee (7893126),JaVale McGee,7893126,3000,Ind@GS 10:30PM ET,GS,
,,,,,,,,,C,Kevin Seraphin (7893127),Kevin Seraphin,7893127,3000,Ind@GS 10:30PM ET,Ind,
,,,,,,,,,C,Damian Jones (7893128),Damian Jones,7893128,3000,Ind@GS 10:30PM ET,GS,
,,,,,,,,,PG,Trey Burke (7892817),Trey Burke,7892817,3000,Was@Bkn 07:30PM ET,Was,
,,,,,,,,,PG,Yogi Ferrell (7892819),Yogi Ferrell,7892819,3000,Was@Bkn 07:30PM ET,Bkn,
,,,,,,,,,SG/SF,Kelly Oubre Jr. (7892880),Kelly Oubre Jr.,7892880,3000,Was@Bkn 07:30PM ET,Was,
,,,,,,,,,SG,Randy Foye (7892908),Randy Foye,7892908,3000,Was@Bkn 07:30PM ET,Bkn,
,,,,,,,,,SG,Marcus Thornton (7892909),Marcus Thornton,7892909,3000,Was@Bkn 07:30PM ET,Was,
,,,,,,,,,SG,Sheldon McClellan (7892912),Sheldon McClellan,7892912,3000,Was@Bkn 07:30PM ET,Was,
,,,,,,,,,SG,Danuel House (7892913),Danuel House,7892913,3000,Was@Bkn 07:30PM ET,Was,
,,,,,,,,,SG,Caris LeVert (7892914),Caris LeVert,7892914,3000,Was@Bkn 07:30PM ET,Bkn,
,,,,,,,,,PF/C,Luis Scola (7893047),Luis Scola,7893047,3000,Was@Bkn 07:30PM ET,Bkn,
,,,,,,,,,PF/C,Jason Smith (7893048),Jason Smith,7893048,3000,Was@Bkn 07:30PM ET,Was,
,,,,,,,,,PF,Andrew Nicholson (7893080),Andrew Nicholson,7893080,3000,Was@Bkn 07:30PM ET,Was,
,,,,,,,,,PF,Chris McCullough (7893081),Chris McCullough,7893081,3000,Was@Bkn 07:30PM ET,Bkn,
,,,,,,,,,C,Ian Mahinmi (7893129),Ian Mahinmi,7893129,3000,Was@Bkn 07:30PM ET,Was,
,,,,,,,,,C,Daniel Ochefu (7893133),Daniel Ochefu,7893133,3000,Was@Bkn 07:30PM ET,Was,
,,,,,,,,,PG,Bobby Brown (7892821),Bobby Brown,7892821,3000,Bos@Hou 08:00PM ET,Hou,
,,,,,,,,,PG,Demetrius Jackson (7892824),Demetrius Jackson,7892824,3000,Bos@Hou 08:00PM ET,Bos,
,,,,,,,,,PG,Terry Rozier (7892825),Terry Rozier,7892825,3000,Bos@Hou 08:00PM ET,Bos,
,,,,,,,,,PG,Tyler Ennis (7892826),Tyler Ennis,7892826,3000,Bos@Hou 08:00PM ET,Hou,
,,,,,,,,,SG,Gerald Green (7892915),Gerald Green,7892915,3000,Bos@Hou 08:00PM ET,Bos,
,,,,,,,,,SG,K.J. McDaniels (7892918),K.J. McDaniels,7892918,3000,Bos@Hou 08:00PM ET,Hou,
,,,,,,,,,SG,James Young (7892919),James Young,7892919,3000,Bos@Hou 08:00PM ET,Bos,
,,,,,,,,,SF,Corey Brewer (7893002),Corey Brewer,7893002,3000,Bos@Hou 08:00PM ET,Hou,
,,,,,,,,,SF,Jaylen Brown (7893005),Jaylen Brown,7893005,3000,Bos@Hou 08:00PM ET,Bos,
,,,,,,,,,PF,Jonas Jerebko (7893084),Jonas Jerebko,7893084,3000,Bos@Hou 08:00PM ET,Bos,
,,,,,,,,,PF,Kyle Wiltjer (7893085),Kyle Wiltjer,7893085,3000,Bos@Hou 08:00PM ET,Hou,
,,,,,,,,,PF,Jordan Mickey (7893086),Jordan Mickey,7893086,3000,Bos@Hou 08:00PM ET,Bos,
,,,,,,,,,C,Nene Hilario (7893134),Nene Hilario,7893134,3000,Bos@Hou 08:00PM ET,Hou,
,,,,,,,,,C,Tyler Zeller (7893136),Tyler Zeller,7893136,3000,Bos@Hou 08:00PM ET,Bos,
,,,,,,,,,C,Chinanu Onuaku (7893138),Chinanu Onuaku,7893138,3000,Bos@Hou 08:00PM ET,Hou,
,,,,,,,,,PG,Devin Harris (7892827),Devin Harris,7892827,3000,Cha@Dal 08:30PM ET,Dal,
,,,,,,,,,PG,Brian Roberts (7892830),Brian Roberts,7892830,3000,Cha@Dal 08:30PM ET,Cha,
,,,,,,,,,PG,Aaron Harrison (7892833),Aaron Harrison,7892833,3000,Cha@Dal 08:30PM ET,Cha,
,,,,,,,,,SG,Nicolas Brussino (7892924),Nicolas Brussino,7892924,3000,Cha@Dal 08:30PM ET,Dal,
,,,,,,,,,SF,Dorian Finney-Smith (7893007),Dorian Finney-Smith,7893007,3000,Cha@Dal 08:30PM ET,Dal,
,,,,,,,,,SF,Treveon Graham (7893008),Treveon Graham,7893008,3000,Cha@Dal 08:30PM ET,Cha,
,,,,,,,,,PF,Christian Wood (7893090),Christian Wood,7893090,3000,Cha@Dal 08:30PM ET,Cha,
,,,,,,,,,C,Roy Hibbert (7893140),Roy Hibbert,7893140,3000,Cha@Dal 08:30PM ET,Cha,
,,,,,,,,,C,A.J. Hammons (7893143),A.J. Hammons,7893143,3000,Cha@Dal 08:30PM ET,Dal,
,,,,,,,,,PG,T.J. McConnell (7892837),T.J. McConnell,7892837,3000,Den@Phi 07:00PM ET,Phi,
,,,,,,,,,PG,Malik Beasley (7892839),Malik Beasley,7892839,3000,Den@Phi 07:00PM ET,Den,
,,,,,,,,,SG/SF,Hollis Thompson (7892885),Hollis Thompson,7892885,3000,Den@Phi 07:00PM ET,Phi,
,,,,,,,,,SG,Mike Miller (7892925),Mike Miller,7892925,3000,Den@Phi 07:00PM ET,Den,
,,,,,,,,,SG,Timothe Luwawu-Cabarrot (7892929),Timothe Luwawu-Cabarrot,7892929,3000,Den@Phi 07:00PM ET,Phi,
,,,,,,,,,SF,Alonzo Gee (7893010),Alonzo Gee,7893010,3000,Den@Phi 07:00PM ET,Den,
,,,,,,,,,SF,Ben Simmons (7893013),Ben Simmons,7893013,3000,Den@Phi 07:00PM ET,Phi,
,,,,,,,,,PF/C,Juancho Hernangomez (7893055),Juancho Hernangomez,7893055,3000,Den@Phi 07:00PM ET,Den,
,,,,,,,,,PF,Darrell Arthur (7893092),Darrell Arthur,7893092,3000,Den@Phi 07:00PM ET,Den,
,,,,,,,,,PG,Mo Williams (7892840),Mo Williams,7892840,3000,Cle@Tor 07:30PM ET,Cle,
,,,,,,,,,PG,Fred VanVleet (7892844),Fred VanVleet,7892844,3000,Cle@Tor 07:30PM ET,Tor,
,,,,,,,,,PG,Delon Wright (7892845),Delon Wright,7892845,3000,Cle@Tor 07:30PM ET,Tor,
,,,,,,,,,PG,Kay Felder (7892846),Kay Felder,7892846,3000,Cle@Tor 07:30PM ET,Cle,
,,,,,,,,,SG/SF,Mike Dunleavy (7892887),Mike Dunleavy,7892887,3000,Cle@Tor 07:30PM ET,Cle,
,,,,,,,,,SG,James Jones (7892930),James Jones,7892930,3000,Cle@Tor 07:30PM ET,Cle,
,,,,,,,,,SG,DeAndre Liggins (7892933),DeAndre Liggins,7892933,3000,Cle@Tor 07:30PM ET,Cle,
,,,,,,,,,SG,Jordan McRae (7892934),Jordan McRae,7892934,3000,Cle@Tor 07:30PM ET,Cle,
,,,,,,,,,SF,Richard Jefferson (7893014),Richard Jefferson,7893014,3000,Cle@Tor 07:30PM ET,Cle,
,,,,,,,,,SF,Bruno Caboclo (7893015),Bruno Caboclo,7893015,3000,Cle@Tor 07:30PM ET,Tor,
,,,,,,,,,PF,Pascal Siakam (7893097),Pascal Siakam,7893097,3000,Cle@Tor 07:30PM ET,Tor,
,,,,,,,,,C,Chris Andersen (7893147),Chris Andersen,7893147,3000,Cle@Tor 07:30PM ET,Cle,
,,,,,,,,,C,Jared Sullinger (7893148),Jared Sullinger,7893148,3000,Cle@Tor 07:30PM ET,Tor,
,,,,,,,,,C,Jakob Poeltl (7893152),Jakob Poeltl,7893152,3000,Cle@Tor 07:30PM ET,Tor,
,,,,,,,,,PG,Langston Galloway (7892850),Langston Galloway,7892850,3000,Mem@NO 08:00PM ET,NO,
,,,,,,,,,SG,Buddy Hield (7892939),Buddy Hield,7892939,3000,Mem@NO 08:00PM ET,NO,
,,,,,,,,,SF/PF,Dante Cunningham (7892957),Dante Cunningham,7892957,3000,Mem@NO 08:00PM ET,NO,
,,,,,,,,,SF,Quincy Pondexter (7893016),Quincy Pondexter,7893016,3000,Mem@NO 08:00PM ET,NO,
,,,,,,,,,SF,Anthony Brown (7893019),Anthony Brown,7893019,3000,Mem@NO 08:00PM ET,NO,
,,,,,,,,,PF,Brandan Wright (7893098),Brandan Wright,7893098,3000,Mem@NO 08:00PM ET,Mem,
,,,,,,,,,PF,Cheick Diallo (7893102),Cheick Diallo,7893102,3000,Mem@NO 08:00PM ET,NO,
,,,,,,,,,C,Alexis Ajinca (7893154),Alexis Ajinca,7893154,3000,Mem@NO 08:00PM ET,NO,
,,,,,,,,,C,Omer Asik (7893155),Omer Asik,7893155,3000,Mem@NO 08:00PM ET,NO,
,,,,,,,,,C,Deyonta Davis (7893156),Deyonta Davis,7893156,3000,Mem@NO 08:00PM ET,Mem,
,,,,,,,,,PG,Marcelo Huertas (7892855),Marcelo Huertas,7892855,3000,Uta@LAL 10:30PM ET,LAL,
,,,,,,,,,PG,Raul Neto (7892856),Raul Neto,7892856,3000,Uta@LAL 10:30PM ET,Uta,
,,,,,,,,,SG,Alec Burks (7892942),Alec Burks,7892942,3000,Uta@LAL 10:30PM ET,Uta,
,,,,,,,,,SF,Metta World Peace (7893021),Metta World Peace,7893021,3000,Uta@LAL 10:30PM ET,LAL,
,,,,,,,,,PF/C,Boris Diaw (7893059),Boris Diaw,7893059,3000,Uta@LAL 10:30PM ET,Uta,
,,,,,,,,,PF,Thomas Robinson (7893104),Thomas Robinson,7893104,3000,Uta@LAL 10:30PM ET,LAL,
,,,,,,,,,PF,Joel Bolomboy (7893105),Joel Bolomboy,7893105,3000,Uta@LAL 10:30PM ET,Uta,
,,,,,,,,,C,Jeff Withey (7893157),Jeff Withey,7893157,3000,Uta@LAL 10:30PM ET,Uta,
,,,,,,,,,C,Tarik Black (7893158),Tarik Black,7893158,3000,Uta@LAL 10:30PM ET,LAL,
,,,,,,,,,C,Ivica Zubac (7893161),Ivica Zubac,7893161,3000,Uta@LAL 10:30PM ET,LAL,
